{
  "0x701d0ECB3BA780De7b2b36789aEC4493A426010a": 0.004561929,
  "0x8F942ECED007bD3976927B7958B50Df126FEeCb5": 0.004689429,
  "0x2bEBa030cdC9c4a47c5aa657974840428b9fEfAc": 0.008459121,
  "0xB53b0255895c4F9E3a185E484e5B674bCCfbc076": 35.784767046,
  "0xDF290293C4A4d6eBe38Fd7085d7721041f927E0a": 3.3e-8,
  "0x4194cE73AC3FBBeCE8fFa878c2B5A8C90333E724": 0.001056186,
  "0xE68967c95f5A9BCcfDd711A2Cbc23Ec958F147Ef": 8e-9,
  "0xfaCEf700458D4Fc9746F7f3e0d37B462711fF09e": 0.047924057,
  "0xf3B1B6e83Be4d55695f1D30ac3D307D9D5CA98ff": 0.003049654,
  "0x6D97d65aDfF6771b31671443a6b9512104312d3D": 1.438330237,
  "0xa69656dee6721FF43506477Fb522eFef151E4477": 0.029947202,
  "0x4B7C0Da1C299Ce824f55A0190Efb13663442FA2c": 0.402446935,
  "0xDA5b2cd0d0Bb26E79FB3210233dDABdB7de131C9": 0.013544642,
  "0xEb4E3e9fA819E69e5Df4ea35b9C7973062C96de9": 64.317414881,
  "0x78Ec73423B222cB225549bab0d0a812d58808Ffd": 46.747087698,
  "0x1426FBd146942e153653863cbe633780c17268DA": 24.347033078,
  "0x069e85D4F1010DD961897dC8C095FBB5FF297434": 0.014011714,
  "0x1e9c89aFf77215F3AD26bFfe0C50d4FdEBa6a352": 1.955835216,
  "0x3a3355805181ba5752cB52CEBE8C95c0F3ED3d61": 0.000549738,
  "0x85A363699C6864248a6FfCA66e4a1A5cCf9f5567": 0.23431761,
  "0xA68E0b444E7F5242e48Cea2447FcE03Cb7B8AD16": 0.099628164,
  "0x8760E565273B47195F76A22455Ce0B68A11aF5B5": 0.09496979,
  "0x9eEC0B5Bd8A48047f0Dcc61E98B4b92951480F98": 0.048370683,
  "0x152ad2E12E102aBF64280C5e3d70257EFfb0EDe0": 0.407413658,
  "0x8e4Bdd156e4dD802dd919F4FD2645681CE99a538": 15.614746213,
  "0x4c81E51aa103490838Fd9Db1D859a5Fcd8276324": 30.865691227,
  "0x21c9aba2392dD5e15CE74BF9C8685aC4907B5Fab": 3.9e-8,
  "0xa76fA3B5dfD0bE1e6BdcaeC9167a7Ab4c7536881": 0.004502287,
  "0x986e92868A27548a31e88f7692E746CD7E86f39a": 6.364554737,
  "0x2a87C1345024ab463ACC26417124C433b3069fdD": 0.609917494,
  "0x91D4eBb05d3273bdB74Af69c20B826F9E76Ae542": 105.572343139,
  "0xe5eDa1eabfC23075D010927bd0111E8E36C33Def": 0.344674792,
  "0xA82BcD1BA56b4BB0f46Bc29dA53413c73Be27509": 35.191853379,
  "0xe0802Cf223a05A14408Ad44E7F878d21408Fb04C": 1.550187802,
  "0x1dF428833f2C9FB1eF098754e5D710432450d706": 0.014822629,
  "0xed8DB37778804A913670d9367aAf4F043AAd938b": 0.023487519,
  "0xC97910dB17BcCd90C3Ca38d2E0aD8DAc58d6B554": 1.052387454,
  "0x2A8fe25896fCcE82C49c2Db923aBFA4198Ad3394": 6.477765366,
  "0x140D3f60AC840571a3e08e218B823094d4715564": 57.130481724,
  "0x0751B77E8AcAEffAD53667c72AA7CE66688d8c61": 0.000002515,
  "0xC46c67Bb7E84490D7EbdD0b8ecDaca68Cf3823F4": 0.000254169,
  "0xb90139b5f5c73321943Fb19cDab8563886fAEed2": 0.00062709,
  "0x2Bf034ecCEbc8CD60Dab9c249b6c2996Dcb7D8EC": 178.079550878,
  "0xcF0eBaA2bC9Ba3bb8c655fABB26976528d64FCB7": 7.4e-8,
  "0x29185eB8cfD22Aa719529217bFbadE61677e0Ad2": 71.842751879,
  "0x0bB44DA1A16B44956b2523b23667989C23c0195A": 0.516201004,
  "0xeAb44dd5e7E1C9dbbe3Eb6Ebc121C3CDD0CC3579": 24.274882152,
  "0x47a9A2FE26f9eC391cfc6B44F0a104c75f6bBC71": 0.094456357,
  "0x91Ed68562cEE69155381d4864e2B921E56aB388a": 0.000042671,
  "0x7B035331967075a168471DfBD23eD977f048f61E": 2.517704584,
  "0x32aF096d6d479e3d022caAF3603A7306706D10A8": 23.383328727,
  "0xE73a198e7C07c418D7dcFd42f5E953074aBbD125": 0.600780748,
  "0x73bEA65145F19702DA07d8908E994A193b5855A1": 85.227882001,
  "0x139f73C185953B2443d2D57f0522569736E8d81A": 0.022245718,
  "0x759bacE429553bCA40645Da3283de1A105531b11": 0.0000096,
  "0x841C11b14c428dd591093348B8Afa2652C863988": 4.21504628,
  "0x4accdfd779E8FA60A3686030A6Eb36D663399E13": 13.214975966,
  "0x28EDE9352a5f76Daec81cfC65d7246f6665f5fA3": 0.765852139,
  "0x2410D50Ba4993c1FE13B3DB0BcDaE51B1c617d0a": 2.430198925,
  "0x4cBf20D7393f372D7947338336b5043081871116": 33.537083132,
  "0x89bf9BAaeE2d451477CF850fE4c0d89bb796B1aD": 4.375568658,
  "0xfE28dd6bE3aE65fa7c581dFEFb2b52bF761cfDc2": 0.126551687,
  "0x492C52A72104d3fFAb2885f257b4D2ebD97338eE": 0.225822876,
  "0x7326B0D5Ba05bB1db17298A0283aB1D3269adEB2": 18.644341397,
  "0xf6f32d231b517D32b98Ce03464C2A7c272BdB272": 0.010002557,
  "0xbf4645ecc51cF940A0199337B47e3DD405438a5B": 0.194383326,
  "0x103Af378AF65C31350687735BE74adB0db186AfC": 4e-9,
  "0x2753c791bCA3667f10800262FCB0168269e12DC5": 0.000244433,
  "0x46FeEa63b49F19a524a026eFA6beF9d050Efb6f0": 1.1e-8,
  "0x09cc4B3a27E3715596c5eDE07E95Da490340D27a": 2e-9,
  "0xEd2AEaEAC44036A35e36cCd7397D44ea70BDd73e": 117.351706738,
  "0x8fc2EB50F3BD6d194Ae800b1668e129144D34E5a": 7e-9,
  "0x3F20a6fE04b3A4b37bBBBea826ae23be56Baed74": 0.521785909,
  "0xE372cf77187E27B15805803Cf331f6b7330F223b": 0.683855363,
  "0x7b86F576669f8d20a8244dABEFc65b31d7dEB3f2": 10.085919614,
  "0x28Cd26d85b4ac655A489Aa3f259F81283BD1A804": 70.233116299
}